<?xml version="1.0" encoding="UTF-8"?>
<project-private xmlns="http://www.netbeans.org/ns/project-private/1">
    <editor-bookmarks xmlns="http://www.netbeans.org/ns/editor-bookmarks/2" lastBookmarkId="0"/>
    <open-files xmlns="http://www.netbeans.org/ns/projectui-open-files/2">
        <group>
            <file>file:/C:/Users/PUCHIS/Pictures/Final/RestauranteTiburoncin/src/view/PostreView.java</file>
            <file>file:/C:/Users/PUCHIS/Pictures/Final/RestauranteTiburoncin/src/view/ComidaView.java</file>
            <file>file:/C:/Users/PUCHIS/Pictures/Final/RestauranteTiburoncin/src/view/BebidaView.java</file>
            <file>file:/C:/Users/PUCHIS/Pictures/Final/RestauranteTiburoncin/src/view/CuentaView.java</file>
            <file>file:/C:/Users/PUCHIS/Pictures/Final/RestauranteTiburoncin/src/view/LogueoPrincipal.java</file>
        </group>
    </open-files>
</project-private>
